{
  "project_info": {
    "project_number": "65387517629",
    "project_id": "yuuy-2526c",
    "storage_bucket": "yuuy-2526c.appspot.com"
  },
  "client": [
    {
      "client_info": {
        "mobilesdk_app_id": "1:65387517629:android:c749752f42a457c5efc9d4",
        "android_client_info": {
          "package_name": "com.rsiyun.warkops"
        }
      },
      "oauth_client": [
        {
          "client_id": "65387517629-f5e8emkriajepdebkqe6jambpcu0poou.apps.googleusercontent.com",
          "client_type": 3
        }
      ],
      "api_key": [
        {
          "current_key": "AIzaSyBSgtng9Y3YbKjcvZJjgof6Wil86R0Jzfc"
        }
      ],
      "services": {
        "appinvite_service": {
          "other_platform_oauth_client": [
            {
              "client_id": "65387517629-f5e8emkriajepdebkqe6jambpcu0poou.apps.googleusercontent.com",
              "client_type": 3
            }
          ]
        }
      }
    }
  ],
  "configuration_version": "1"
}